{"cameraMode":{"drawMode":0,"name":"Shaded","section":"Shading Mode"},"sceneLighting":true,"audioPlay":false,"sceneViewState":{"showFog":true,"showMaterialUpdate":false,"showSkybox":true,"showFlares":true,"showImageEffects":true,"showParticleSystems":true},"in2DMode":false,"pivot":{"x":0.862537145614624,"y":4.596976280212402,"z":-7.566368103027344},"rotation":{"x":-0.09044981747865677,"y":0.02957361564040184,"z":-0.0026867392007261516,"w":-0.99545818567276},"size":2.8578836917877199,"orthographic":false}